count,mean,median,std,min,max,skew
76000.0,301.06284210526314,227.0,226.51016094087709,0.0,2267.0,1.591938412534963
76000.0,88.82731578947369,84.0,43.99452495999802,0.0,426.0,0.7904285195202492
76000.0,89.09064473684211,0.0,162.40462747050844,0.0,1616.0,2.5158778422277144
76000.0,67.7260275,64.5,39.37789879880463,4.74,228.03,0.48502495845793697
76000.0,9.08703947368421,10.0,7.475781178320364,0.0,25.0,0.6431486546403932
76000.0,0.32894736842105265,0.0,0.4698339086900178,0.0,1.0,0.7281600153526081
76000.0,69.45402907894736,65.7,40.9438175304619,4.29,261.22,0.5490032686422497
76000.0,0.2,0.0,0.4000026316049173,0.0,1.0,1.5000296060098015
76000.0,104.31715789473684,100.0,46.96480105784763,4.0,430.0,0.607777572692389
